Hostname,Total
CTXPLICENSE1.AD.ADELAIDE.EDU.AU,0,0
ADDC101N.AD.ADELAIDE.EDU.AU,0,0
ADDC201N.AD.ADELAIDE.EDU.AU,0,0
DIAVEL.AD.ADELAIDE.EDU.AU,0,0
PSQLC01H02L01.AD.ADELAIDE.EDU.AU,0,0
PRDSQLTC2012.AD.ADELAIDE.EDU.AU,0,0
SQLCLUSTER2008.AD.ADELAIDE.EDU.AU,0,0
PSQLC01H01L01.AD.ADELAIDE.EDU.AU,0,0
PRINTDEV01CM.AD.ADELAIDE.EDU.AU,0,0
WINDEVCLUSTER.AD.ADELAIDE.EDU.AU,0,0
DEVSQLTC2012.AD.ADELAIDE.EDU.AU,0,0
USQLC01.AD.ADELAIDE.EDU.AU,0,0
Z350.AD.ADELAIDE.EDU.AU,0,0
GTRXU1.AD.ADELAIDE.EDU.AU,0,0
SCUDERIA.AD.ADELAIDE.EDU.AU,0,0
ITSDMS033.AD.ADELAIDE.EDU.AU,0,0
ITSOSS002.AD.ADELAIDE.EDU.AU,0,0
SNOWY.AD.ADELAIDE.EDU.AU,0,0
ITSOSS001.AD.ADELAIDE.EDU.AU,0,0
ITSDMS050.AD.ADELAIDE.EDU.AU,0,0
SPYKER.AD.ADELAIDE.EDU.AU,0,0
S281.AD.ADELAIDE.EDU.AU,0,0
STERLING.AD.ADELAIDE.EDU.AU,0,0
S251.AD.ADELAIDE.EDU.AU,0,0
NATHAN.AD.ADELAIDE.EDU.AU,0,0
MERV.AD.ADELAIDE.EDU.AU,0,0
RX7.AD.ADELAIDE.EDU.AU,0,0
CHARGER.AD.ADELAIDE.EDU.AU,0,0
OSSDEV9GAWLER.AD.ADELAIDE.EDU.AU,0,0
GILROYX16.AD.ADELAIDE.EDU.AU,0,0
QUATTRO.AD.ADELAIDE.EDU.AU,0,0
MAYBACH.AD.ADELAIDE.EDU.AU,0,0
GT600RE.AD.ADELAIDE.EDU.AU,0,0
GHIBLI.AD.ADELAIDE.EDU.AU,0,0
SOARER.AD.ADELAIDE.EDU.AU,0,0
GX3.AD.ADELAIDE.EDU.AU,0,0
TWINGO.AD.ADELAIDE.EDU.AU,0,0
SUPERBEE.AD.ADELAIDE.EDU.AU,0,0
DEMON.AD.ADELAIDE.EDU.AU,0,0
SLOTH.AD.ADELAIDE.EDU.AU,0,0
TRIBECA.AD.ADELAIDE.EDU.AU,0,0
SUPERBIRD.AD.ADELAIDE.EDU.AU,0,0
CTXPLICENSE2.AD.ADELAIDE.EDU.AU,0,0
TRUMPET.AD.ADELAIDE.EDU.AU,0,0
P2K3PRT6450001.AD.ADELAIDE.EDU.AU,0,0
,0,0
P2K3APP6350007.AD.ADELAIDE.EDU.AU,0,0
BENDER.AD.ADELAIDE.EDU.AU,0,0
EUROACCORD.AD.ADELAIDE.EDU.AU,0,0
SA-25.AD.ADELAIDE.EDU.AU,0,0
RA-AIR.AD.ADELAIDE.EDU.AU,0,0
GURNEY.AD.ADELAIDE.EDU.AU,0,0
RX2.AD.ADELAIDE.EDU.AU,0,0
SPIDER-VM.AD.ADELAIDE.EDU.AU,0,0
PSQLC01.AD.ADELAIDE.EDU.AU,0,0
CORNICHE.AD.ADELAIDE.EDU.AU,0,0
SCCMP05PRI.AD.ADELAIDE.EDU.AU,0,0
STIG.AD.ADELAIDE.EDU.AU,0,0
LL32350P.AD.ADELAIDE.EDU.AU,0,0
LIB1.AD.ADELAIDE.EDU.AU,0,0
P2K3APP017.AD.ADELAIDE.EDU.AU,0,0
LL34107R.AD.ADELAIDE.EDU.AU,0,0
RAPIDE.AD.ADELAIDE.EDU.AU,0,0
MIGLIA.AD.ADELAIDE.EDU.AU,0,0
LL32350G.AD.ADELAIDE.EDU.AU,0,0
VANQUISH-VM.AD.ADELAIDE.EDU.AU,0,0
SAHIN.AD.ADELAIDE.EDU.AU,0,0
CAYMAN.AD.ADELAIDE.EDU.AU,0,0
GARLA.AD.ADELAIDE.EDU.AU,0,0
P2K8APP008.AD.ADELAIDE.EDU.AU,0,0
P2K3WEB010.AD.ADELAIDE.EDU.AU,0,0
LJL11D1S.AD.ADELAIDE.EDU.AU,0,0
DL3A9042XPSEQ.AD.ADELAIDE.EDU.AU,0,0
P2K3PRT6450002.AD.ADELAIDE.EDU.AU,0,0
UNIVERSI-025AB3.AD.ADELAIDE.EDU.AU,0,0
DL3A0942SEQ.AD.ADELAIDE.EDU.AU,0,0
L1A1.AD.ADELAIDE.EDU.AU,0,0
LINDSAY-VM-RH-6.AD.ADELAIDE.EDU.AU,0,0
W7MIGRATE01.AD.ADELAIDE.EDU.AU,0,0
DL3BWH55.AD.ADELAIDE.EDU.AU,0,0
DL3AD4PPP.AD.ADELAIDE.EDU.AU,0,0
DL3BWG85.AD.ADELAIDE.EDU.AU,0,0
LCNU432F249.AD.ADELAIDE.EDU.AU,0,0
BASE_VM.AD.ADELAIDE.EDU.AU,0,0
ITSDMS_CSTEST.AD.ADELAIDE.EDU.AU,0,0
VDI1ICS02.AD.ADELAIDE.EDU.AU,0,0
COREVM.AD.ADELAIDE.EDU.AU,0,0
PACKARD.AD.ADELAIDE.EDU.AU,0,0
FIORANO.AD.ADELAIDE.EDU.AU,0,0
MRSLATE.AD.ADELAIDE.EDU.AU,0,0
TAIPAN.AD.ADELAIDE.EDU.AU,0,0
VDI1ECS02.AD.ADELAIDE.EDU.AU,0,0
L39RT0Z.AD.ADELAIDE.EDU.AU,0,0
HAMANN.AD.ADELAIDE.EDU.AU,0,0
DVM293102738.AD.ADELAIDE.EDU.AU,0,0
LCNU4180MYT.AD.ADELAIDE.EDU.AU,0,0
D94210334-VM.AD.ADELAIDE.EDU.AU,0,0
APPVTEST.AD.ADELAIDE.EDU.AU,0,0
W2K3-STD-X86-UP.AD.ADELAIDE.EDU.AU,0,0
P2K3WEB035.AD.ADELAIDE.EDU.AU,0,0
P2K3PRT6450004.AD.ADELAIDE.EDU.AU,0,0
P2K3MMCN029.AD.ADELAIDE.EDU.AU,0,0
W2K3-STD-X64-UP.AD.ADELAIDE.EDU.AU,0,0
SEQUENCERVM9.AD.ADELAIDE.EDU.AU,0,0
UNIVADEL-FCA3E5.AD.ADELAIDE.EDU.AU,0,0
MACINTOSH_001B6.AD.ADELAIDE.EDU.AU,0,0
OCW542098.AD.ADELAIDE.EDU.AU,0,0
SEQUENCERVM13.AD.ADELAIDE.EDU.AU,0,0
VIRTUALXP-52160.AD.ADELAIDE.EDU.AU,0,0
P2K3APP020.AD.ADELAIDE.EDU.AU,0,0
DL3B7890-VM.AD.ADELAIDE.EDU.AU,0,0
P2K8CAVA001.AD.ADELAIDE.EDU.AU,0,0
BOOBOO.AD.ADELAIDE.EDU.AU,0,0
WINDOWS7RC1X32.AD.ADELAIDE.EDU.AU,0,0
SEQUENCERDL3A91.AD.ADELAIDE.EDU.AU,0,0
DL3B7890-VM2.AD.ADELAIDE.EDU.AU,0,0
DL3AAF2L-VM.AD.ADELAIDE.EDU.AU,0,0
W8MIGRATE02.AD.ADELAIDE.EDU.AU,0,0
VDI1VCENTER.AD.ADELAIDE.EDU.AU,0,0
DAUB3342590.AD.ADELAIDE.EDU.AU,0,0
W8MIGRATE.AD.ADELAIDE.EDU.AU,0,0
W2K8MIGRATE03.AD.ADELAIDE.EDU.AU,0,0
DL3AM5WC.AD.ADELAIDE.EDU.AU,0,0
DL3AM5WA.AD.ADELAIDE.EDU.AU,0,0
P-51A.AD.ADELAIDE.EDU.AU,0,0
P2K3APP021.AD.ADELAIDE.EDU.AU,0,0
P2K8KMS007.AD.ADELAIDE.EDU.AU,0,0
LL3K1762.AD.ADELAIDE.EDU.AU,0,0
LL3AFV3G-VM.AD.ADELAIDE.EDU.AU,0,0
P2K3APP6450006.AD.ADELAIDE.EDU.AU,0,0
P2K3WEB6450006.AD.ADELAIDE.EDU.AU,0,0
USCSTU047A.AD.ADELAIDE.EDU.AU,0,0
DANLAB04.AD.ADELAIDE.EDU.AU,0,0
WINTEST2.AD.ADELAIDE.EDU.AU,0,0
U2K3APP013.AD.ADELAIDE.EDU.AU,0,0
P2K3WEB036.AD.ADELAIDE.EDU.AU,0,0
$DUPLICATE-29D06.AD.ADELAIDE.EDU.AU,0,0
LR838FDL.AD.ADELAIDE.EDU.AU,0,0
KIZASHI.AD.ADELAIDE.EDU.AU,0,0
DL3ABG0P-VM.AD.ADELAIDE.EDU.AU,0,0
LAWCRTXXX.AD.ADELAIDE.EDU.AU,0,0
P2K3PRT6450003.AD.ADELAIDE.EDU.AU,0,0
DL3A9137SEQUENC.AD.ADELAIDE.EDU.AU,0,0
P2K8CAVA007.AD.ADELAIDE.EDU.AU,0,0
MUDMAN.AD.ADELAIDE.EDU.AU,0,0
PANAMERA.AD.ADELAIDE.EDU.AU,0,0
FATBOY.AD.ADELAIDE.EDU.AU,0,0
SCIEES044.AD.ADELAIDE.EDU.AU,0,0
DL3ABH8P-VM.AD.ADELAIDE.EDU.AU,0,0
D84001771_VMOSX.AD.ADELAIDE.EDU.AU,0,0
SDGWEB01.AD.ADELAIDE.EDU.AU,0,0
DL3A9795.AD.ADELAIDE.EDU.AU,0,0
LL3A1177.AD.ADELAIDE.EDU.AU,0,0
GST016-VM.AD.ADELAIDE.EDU.AU,0,0
DL3A9397.AD.ADELAIDE.EDU.AU,0,0
GST015-VM.AD.ADELAIDE.EDU.AU,0,0
SUNION005.AD.ADELAIDE.EDU.AU,0,0
ADELAIDEUNIQM.AD.ADELAIDE.EDU.AU,0,0
RAPTOR.AD.ADELAIDE.EDU.AU,0,0
HURRICANE.AD.ADELAIDE.EDU.AU,0,0
EASTER.AD.ADELAIDE.EDU.AU,0,0
LW80316G7ATN.AD.ADELAIDE.EDU.AU,0,0
P2K3WEB031.AD.ADELAIDE.EDU.AU,0,0
D90900202_OSXVM.AD.ADELAIDE.EDU.AU,0,0
D91402648_VM.AD.ADELAIDE.EDU.AU,0,0
LW80316G7ATN-VM.AD.ADELAIDE.EDU.AU,0,0
LEES_IMAC.AD.ADELAIDE.EDU.AU,0,0
SEQUENCER1.AD.ADELAIDE.EDU.AU,0,0
P2K3APP6450008.AD.ADELAIDE.EDU.AU,0,0
D90900202OSX.AD.ADELAIDE.EDU.AU,0,0
RX5.AD.ADELAIDE.EDU.AU,0,0
P2K3APP6450009.AD.ADELAIDE.EDU.AU,0,0
DL3A5044.AD.ADELAIDE.EDU.AU,0,0
GECKO.AD.ADELAIDE.EDU.AU,0,0
ZZSCIRCSXXX.AD.ADELAIDE.EDU.AU,0,0
P2K3APP6450010.AD.ADELAIDE.EDU.AU,0,0
VDI1ECS01.AD.ADELAIDE.EDU.AU,0,0
HUXLEYCORE.AD.ADELAIDE.EDU.AU,0,0
COLLABXXX.AD.ADELAIDE.EDU.AU,0,0
DAUD84704YN.AD.ADELAIDE.EDU.AU,0,0
NEXTBYTETEST.AD.ADELAIDE.EDU.AU,0,0
PRINT01N1.AD.ADELAIDE.EDU.AU,0,0
PRINT02N1.AD.ADELAIDE.EDU.AU,0,0
PRINT04N1.AD.ADELAIDE.EDU.AU,0,0
PRINT05N1.AD.ADELAIDE.EDU.AU,0,0
PRINT06N1.AD.ADELAIDE.EDU.AU,0,0
P2K3APP018.AD.ADELAIDE.EDU.AU,0,0
DSSLAPTOP.AD.ADELAIDE.EDU.AU,0,0
UNIPRINTWAITE.AD.ADELAIDE.EDU.AU,0,0
D90701420_OSVM.AD.ADELAIDE.EDU.AU,0,0
P2K3SQLC01N2.AD.ADELAIDE.EDU.AU,0,0
PRINT03N1.AD.ADELAIDE.EDU.AU,0,0
BON-PC.AD.ADELAIDE.EDU.AU,0,0
P2K3APP6450011.AD.ADELAIDE.EDU.AU,0,0
LW8010A9D66D.AD.ADELAIDE.EDU.AU,0,0
MONZA.AD.ADELAIDE.EDU.AU,0,0
MONARO.AD.ADELAIDE.EDU.AU,0,0
ICHIGO.AD.ADELAIDE.EDU.AU,0,0
CHEM030.AD.ADELAIDE.EDU.AU,0,0
D99BRT41.AD.ADELAIDE.EDU.AU,0,0
CS_MACXXX.AD.ADELAIDE.EDU.AU,0,0
WAITEUNIPRINT.AD.ADELAIDE.EDU.AU,0,0
STRINGYBARK.AD.ADELAIDE.EDU.AU,0,0
ITSDMS020VMSTD.AD.ADELAIDE.EDU.AU,0,0
TINGLE.AD.ADELAIDE.EDU.AU,0,0
DVM6642853A.AD.ADELAIDE.EDU.AU,0,0
MROBINSONWIN7.AD.ADELAIDE.EDU.AU,0,0
VADMIN01-JY.AD.ADELAIDE.EDU.AU,0,0
CARTMAN.AD.ADELAIDE.EDU.AU,0,0
SEQUENCERVM1.AD.ADELAIDE.EDU.AU,0,0
DR9EVZ98.AD.ADELAIDE.EDU.AU,0,0
DL3A7000.AD.ADELAIDE.EDU.AU,0,0
TESTBED-NEW.AD.ADELAIDE.EDU.AU,0,0
LL3P1062.AD.ADELAIDE.EDU.AU,0,0
MUFFINMAN.AD.ADELAIDE.EDU.AU,0,0
L11300812.AD.ADELAIDE.EDU.AU,0,0
L99RA574.AD.ADELAIDE.EDU.AU,0,0
OPSMANAGERCM01.AD.ADELAIDE.EDU.AU,0,0
D91300383_VM.AD.ADELAIDE.EDU.AU,0,0
ROGG.AD.ADELAIDE.EDU.AU,0,0
OCEPRD1.AD.ADELAIDE.EDU.AU,0,0
MCBAIN.AD.ADELAIDE.EDU.AU,0,0
LRFANPG.AD.ADELAIDE.EDU.AU,0,0
BEIRA.AD.ADELAIDE.EDU.AU,0,0
SAGARIS-VM.AD.ADELAIDE.EDU.AU,0,0
L91200797.AD.ADELAIDE.EDU.AU,0,0
PRINT06N2.AD.ADELAIDE.EDU.AU,0,0
SNOWGUM.AD.ADELAIDE.EDU.AU,0,0
PULTNETAPP02V.AD.ADELAIDE.EDU.AU,0,0
PRINT02.AD.ADELAIDE.EDU.AU,0,0
D03300795.AD.ADELAIDE.EDU.AU,0,0
SENSEMGR01.AD.ADELAIDE.EDU.AU,0,0
SENSEFILT02.AD.ADELAIDE.EDU.AU,0,0
DVM6642853C.AD.ADELAIDE.EDU.AU,0,0
DR8C4KM3WIN7.AD.ADELAIDE.EDU.AU,0,0
PRNTESTCM.AD.ADELAIDE.EDU.AU,0,0
ITSIMACSERVER.AD.ADELAIDE.EDU.AU,0,0
PRNTESTN1.AD.ADELAIDE.EDU.AU,0,0
SENSEFILT01.AD.ADELAIDE.EDU.AU,0,0
MAX.AD.ADELAIDE.EDU.AU,0,0
BUNE.AD.ADELAIDE.EDU.AU,0,0
PRNTESTN2.AD.ADELAIDE.EDU.AU,0,0
P2K8MMBC01.AD.ADELAIDE.EDU.AU,0,0
NETAPPAV06.AD.ADELAIDE.EDU.AU,0,0
DUFFMAN.AD.ADELAIDE.EDU.AU,0,0
NETAPPAV01.AD.ADELAIDE.EDU.AU,0,0
NETAPPAV02.AD.ADELAIDE.EDU.AU,0,0
IPASSROAM01.AD.ADELAIDE.EDU.AU,0,0
DL3H8030.AD.ADELAIDE.EDU.AU,0,0
PRNTEST.AD.ADELAIDE.EDU.AU,0,0
NETAPPAV04.AD.ADELAIDE.EDU.AU,0,0
NETAPPAV03.AD.ADELAIDE.EDU.AU,0,0
PRINT01.AD.ADELAIDE.EDU.AU,0,0
U2K3WEB019.AD.ADELAIDE.EDU.AU,0,0
MAILWIT01.AD.ADELAIDE.EDU.AU,0,0
NETAPPAV05.AD.ADELAIDE.EDU.AU,0,0
NETAPPAV07.AD.ADELAIDE.EDU.AU,0,0
IMAGER.AD.ADELAIDE.EDU.AU,0,0
CAPARO.AD.ADELAIDE.EDU.AU,0,0
D91600944.AD.ADELAIDE.EDU.AU,0,0
LLRMGPFY.AD.ADELAIDE.EDU.AU,0,0
D03801978.AD.ADELAIDE.EDU.AU,0,0
DR8YBFDB.AD.ADELAIDE.EDU.AU,0,0
BAJA5B.AD.ADELAIDE.EDU.AU,0,0
VSOE-MSALKELD.AD.ADELAIDE.EDU.AU,0,0
VSOE-DMONRO.AD.ADELAIDE.EDU.AU,0,0
VSOE-JTAN.AD.ADELAIDE.EDU.AU,0,0
D00800658.AD.ADELAIDE.EDU.AU,0,0
D95101609.AD.ADELAIDE.EDU.AU,0,0
D03801285.AD.ADELAIDE.EDU.AU,0,0
D04401983.AD.ADELAIDE.EDU.AU,0,0
D50E549514182.AD.ADELAIDE.EDU.AU,0,0
DL3A5216.AD.ADELAIDE.EDU.AU,0,0
D04202015.AD.ADELAIDE.EDU.AU,0,0
RWSTATION.AD.ADELAIDE.EDU.AU,0,0
MOLBIO189.AD.ADELAIDE.EDU.AU,0,0
FLEXPOCSRV03.AD.ADELAIDE.EDU.AU,0,0
FLEXPOCSRV06.AD.ADELAIDE.EDU.AU,0,0
NICKC_MAC.AD.ADELAIDE.EDU.AU,0,0
FLEXPOCSRV04.AD.ADELAIDE.EDU.AU,0,0
UNIPRINTLAW.AD.ADELAIDE.EDU.AU,0,0
MACINTOSH_2.AD.ADELAIDE.EDU.AU,0,0
JOHNSONCORE.AD.ADELAIDE.EDU.AU,0,0
RWSCICORE.AD.ADELAIDE.EDU.AU,0,0
D001E902EDE2A.AD.ADELAIDE.EDU.AU,0,0
NEPTA.AD.ADELAIDE.EDU.AU,0,0
UOFAITS.AD.ADELAIDE.EDU.AU,0,0
ADAPTCORE.AD.ADELAIDE.EDU.AU,0,0
LM800.AD.ADELAIDE.EDU.AU,0,0
SCIWAITECORE.AD.ADELAIDE.EDU.AU,0,0
BRADFORDCORE.AD.ADELAIDE.EDU.AU,0,0
VM-SELTS-SANDP.AD.ADELAIDE.EDU.AU,0,0
P2K3APP6450007.AD.ADELAIDE.EDU.AU,0,0
P2K3WEB6450007.AD.ADELAIDE.EDU.AU,0,0
LIJIANGPC.AD.ADELAIDE.EDU.AU,0,0
LASGENO01.AD.ADELAIDE.EDU.AU,0,0
IMAGEBUILDINGO.AD.ADELAIDE.EDU.AU,0,0
CALCULUS.AD.ADELAIDE.EDU.AU,0,0
TINTIN.AD.ADELAIDE.EDU.AU,0,0
ARCHCORE.AD.ADELAIDE.EDU.AU,0,0
TOKAY.AD.ADELAIDE.EDU.AU,0,0
ITSADMINS_MAC.AD.ADELAIDE.EDU.AU,0,0
STAFF.AD.ADELAIDE.EDU.AU,0,0
LR9DWARG.AD.ADELAIDE.EDU.AU,0,0
ORBITAL.AD.ADELAIDE.EDU.AU,0,0
BARNEY.AD.ADELAIDE.EDU.AU,0,0
LL3A2709.AD.ADELAIDE.EDU.AU,0,0
D00301BBC1EDF.AD.ADELAIDE.EDU.AU,0,0
MAWSONCORE.AD.ADELAIDE.EDU.AU,0,0
FLEXPOCSRV05.AD.ADELAIDE.EDU.AU,0,0
CERBERA.AD.ADELAIDE.EDU.AU,0,0
CBSBATDEV1.AD.ADELAIDE.EDU.AU,0,0
TIGER.AD.ADELAIDE.EDU.AU,0,0
ICENI.AD.ADELAIDE.EDU.AU,0,0
SS3.AD.ADELAIDE.EDU.AU,0,0
THETICK.AD.ADELAIDE.EDU.AU,0,0
SPEMECORE.AD.ADELAIDE.EDU.AU,0,0
D20902835.AD.ADELAIDE.EDU.AU,0,0
XLD0000.AD.ADELAIDE.EDU.AU,0,0
VMDS1DVA83.AD.ADELAIDE.EDU.AU,0,0
SPANKYHAM.AD.ADELAIDE.EDU.AU,0,0
LR9MT25C.AD.ADELAIDE.EDU.AU,0,0
OB.AD.ADELAIDE.EDU.AU,0,0
PSPRIDEV01.AD.ADELAIDE.EDU.AU,0,0
MANBEARPIG.AD.ADELAIDE.EDU.AU,0,0
TTWIN8.AD.ADELAIDE.EDU.AU,0,0
EPIC.AD.ADELAIDE.EDU.AU,0,0
D99BRR86.AD.ADELAIDE.EDU.AU,0,0
$NETBIOS_NAME.AD.ADELAIDE.EDU.AU,0,0
JAVELIN.AD.ADELAIDE.EDU.AU,0,0
BLOCK.AD.ADELAIDE.EDU.AU,0,0
TSTRNTRIM01.AD.ADELAIDE.EDU.AU,0,0
LR8LK501.AD.ADELAIDE.EDU.AU,0,0
LG1VFM1S.AD.ADELAIDE.EDU.AU,0,0
USCCORE.AD.ADELAIDE.EDU.AU,0,0
LR9PLNTF.AD.ADELAIDE.EDU.AU,0,0
GREYSKULL.AD.ADELAIDE.EDU.AU,0,0
ZONDA-OLD.AD.ADELAIDE.EDU.AU,0,0
D12801630.AD.ADELAIDE.EDU.AU,0,0
DL3D6833.AD.ADELAIDE.EDU.AU,0,0
D13600373.AD.ADELAIDE.EDU.AU,0,0
SECA.AD.ADELAIDE.EDU.AU,0,0
WAITEMAC.AD.ADELAIDE.EDU.AU,0,0
MECHVIBE13.AD.ADELAIDE.EDU.AU,0,0
PRINT04.AD.ADELAIDE.EDU.AU,0,0
PRINT03.AD.ADELAIDE.EDU.AU,0,0
VDI2VCENTER.AD.ADELAIDE.EDU.AU,0,0
VERONICALAP.AD.ADELAIDE.EDU.AU,0,0
WINDEVFILES.AD.ADELAIDE.EDU.AU,0,0
TEST.AD.ADELAIDE.EDU.AU,0,0
LL3AV381.AD.ADELAIDE.EDU.AU,0,0
P2K3APP006.AD.ADELAIDE.EDU.AU,0,0
6WHWN1S.AD.ADELAIDE.EDU.AU,0,0
PROXYUAT2.AD.ADELAIDE.EDU.AU,0,0
DR8R9AKW.AD.ADELAIDE.EDU.AU,0,0
SCYLLA.AD.ADELAIDE.EDU.AU,0,0
VDI1ICS01.AD.ADELAIDE.EDU.AU,0,0
SOLSTICE.AD.ADELAIDE.EDU.AU,0,0
VDI2ICS02.AD.ADELAIDE.EDU.AU,0,0
CS-CIFS-TEST.AD.ADELAIDE.EDU.AU,0,0
UOFAUSERS3TEST.AD.ADELAIDE.EDU.AU,0,0
SCRATCHBOX-73.AD.ADELAIDE.EDU.AU,0,0
L92905698416.AD.ADELAIDE.EDU.AU,0,0
TSAPPDNA01.AD.ADELAIDE.EDU.AU,0,0
A1217432-PC.AD.ADELAIDE.EDU.AU,0,0
TSAPPDNA-WIN7.AD.ADELAIDE.EDU.AU,0,0
PULT-PRD-CAVA.AD.ADELAIDE.EDU.AU,0,0
U2K3APP007.AD.ADELAIDE.EDU.AU,0,0
U2K3APP006.AD.ADELAIDE.EDU.AU,0,0
OUTBACK.AD.ADELAIDE.EDU.AU,0,0
IMPREZA.AD.ADELAIDE.EDU.AU,0,0
LL3B0540.AD.ADELAIDE.EDU.AU,0,0
SUBARU.AD.ADELAIDE.EDU.AU,0,0
PLAZA702PRDCIFS.AD.ADELAIDE.EDU.AU,0,0
PLAZA702PRDCAVA.AD.ADELAIDE.EDU.AU,0,0
SAH0022049.AD.ADELAIDE.EDU.AU,0,0
LL3CZ575.AD.ADELAIDE.EDU.AU,0,0
PULT702PRDCIFS.AD.ADELAIDE.EDU.AU,0,0
PSYCH266.AD.ADELAIDE.EDU.AU,0,0
DPBKXNAA.AD.ADELAIDE.EDU.AU,0,0
DPBRNLTE.AD.ADELAIDE.EDU.AU,0,0
SAH0042682.AD.ADELAIDE.EDU.AU,0,0
D001FD0D1F86D.AD.ADELAIDE.EDU.AU,0,0
LR8DXAT1.AD.ADELAIDE.EDU.AU,0,0
DAUB420045G.AD.ADELAIDE.EDU.AU,0,0
DPBNRAKH.AD.ADELAIDE.EDU.AU,0,0
SPARKPLUG.AD.ADELAIDE.EDU.AU,0,0
FRAXINUS.AD.ADELAIDE.EDU.AU,0,0
VPRO001.AD.ADELAIDE.EDU.AU,0,0
DAU420045T.AD.ADELAIDE.EDU.AU,0,0
DPBZAVYN.AD.ADELAIDE.EDU.AU,0,0
DAUB420045S.AD.ADELAIDE.EDU.AU,0,0
D21903102.AD.ADELAIDE.EDU.AU,0,0
LACTOSEFREE.AD.ADELAIDE.EDU.AU,0,0
L9C254764Q.AD.ADELAIDE.EDU.AU,0,0
CYLON.AD.ADELAIDE.EDU.AU,0,0
LR9VN337.AD.ADELAIDE.EDU.AU,0,0
LL3DDYD0.AD.ADELAIDE.EDU.AU,0,0
MATHCOREXXX.AD.ADELAIDE.EDU.AU,0,0
IGOR.AD.ADELAIDE.EDU.AU,0,0
D24000302.AD.ADELAIDE.EDU.AU,0,0
LLR92CRC.AD.ADELAIDE.EDU.AU,0,0
WSTESTWDEN.AD.ADELAIDE.EDU.AU,0,0
DL3A6718.AD.ADELAIDE.EDU.AU,0,0
RTMC-PC.AD.ADELAIDE.EDU.AU,0,0
NEOCALLITROPSIS.AD.ADELAIDE.EDU.AU,0,0
AAIISUAT1.AD.ADELAIDE.EDU.AU,0,0
DIVERSICOLOR.AD.ADELAIDE.EDU.AU,0,0
D30300072.AD.ADELAIDE.EDU.AU,0,0
CTR-3.AD.ADELAIDE.EDU.AU,0,0
RX10.AD.ADELAIDE.EDU.AU,0,0
DINO.AD.ADELAIDE.EDU.AU,0,0
REGNANS.AD.ADELAIDE.EDU.AU,0,0
CARMEL-PC.AD.ADELAIDE.EDU.AU,0,0
D00301BBC220D.AD.ADELAIDE.EDU.AU,0,0
P2K3APP6450003.AD.ADELAIDE.EDU.AU,0,0
RX11.AD.ADELAIDE.EDU.AU,0,0
LB870F4A8A87C.AD.ADELAIDE.EDU.AU,0,0
LR9X0L8N.AD.ADELAIDE.EDU.AU,0,0
USCG01W023.AD.ADELAIDE.EDU.AU,0,0
D1C6F6598AC2F.AD.ADELAIDE.EDU.AU,0,0
LR9W6BP0.AD.ADELAIDE.EDU.AU,0,0
L2CE5310FVM.AD.ADELAIDE.EDU.AU,0,0
D99BRP17.AD.ADELAIDE.EDU.AU,0,0
LEMON.AD.ADELAIDE.EDU.AU,0,0
DAUB420044J.AD.ADELAIDE.EDU.AU,0,0
DPB467NC.AD.ADELAIDE.EDU.AU,0,0
D6D3NR1S.AD.ADELAIDE.EDU.AU,0,0
LUMPY.AD.ADELAIDE.EDU.AU,0,0
CTXVDIW7-TMPL8.AD.ADELAIDE.EDU.AU,0,0
LICENSESERVER22.AD.ADELAIDE.EDU.AU,0,0
NETCRAFT1.AD.ADELAIDE.EDU.AU,0,0
P2K3MMVS01.AD.ADELAIDE.EDU.AU,0,0
CABRIOLET.AD.ADELAIDE.EDU.AU,0,0
CTXPPLAAV01.AD.ADELAIDE.EDU.AU,0,0
CHRSTINE-PC.AD.ADELAIDE.EDU.AU,0,0
P2K3APP015.AD.ADELAIDE.EDU.AU,0,0
DL3F5113-XPVM.AD.ADELAIDE.EDU.AU,0,0
D03402277.AD.ADELAIDE.EDU.AU,0,0
DL3B8619.AD.ADELAIDE.EDU.AU,0,0
DR8M66LD.AD.ADELAIDE.EDU.AU,0,0
LYNCIM03.AD.ADELAIDE.EDU.AU,0,0
LYNCSQL01.AD.ADELAIDE.EDU.AU,0,0
LYNCIM04.AD.ADELAIDE.EDU.AU,0,0
D00703931.AD.ADELAIDE.EDU.AU,0,0
DAUB4200445.AD.ADELAIDE.EDU.AU,0,0
TURBINE.AD.ADELAIDE.EDU.AU,0,0
LYNCAPP01.AD.ADELAIDE.EDU.AU,0,0
CTXPPLAFTP.AD.ADELAIDE.EDU.AU,0,0
D00703933.AD.ADELAIDE.EDU.AU,0,0
P2K3MMCN028.AD.ADELAIDE.EDU.AU,0,0
DPB9D1F4.AD.ADELAIDE.EDU.AU,0,0
LP10K3VM.AD.ADELAIDE.EDU.AU,0,0
ZANDVOORT.AD.ADELAIDE.EDU.AU,0,0
DDJQK42S.AD.ADELAIDE.EDU.AU,0,0
DVM6642853B.AD.ADELAIDE.EDU.AU,0,0
LR9AC1PF.AD.ADELAIDE.EDU.AU,0,0
DL3ABK7Z.AD.ADELAIDE.EDU.AU,0,0
HUBMOCW001.AD.ADELAIDE.EDU.AU,0,0
LL3F2513.AD.ADELAIDE.EDU.AU,0,0
DR82YHB9.AD.ADELAIDE.EDU.AU,0,0
DR8R2EYV.AD.ADELAIDE.EDU.AU,0,0
DL3A6467.AD.ADELAIDE.EDU.AU,0,0
LR8KPNV2.AD.ADELAIDE.EDU.AU,0,0
DR88LY4K.AD.ADELAIDE.EDU.AU,0,0
LR9H940X.AD.ADELAIDE.EDU.AU,0,0
DR8M41GZ.AD.ADELAIDE.EDU.AU,0,0
D00603282.AD.ADELAIDE.EDU.AU,0,0
DL3A3349.AD.ADELAIDE.EDU.AU,0,0
D04802516.AD.ADELAIDE.EDU.AU,0,0
DR8NBZT3.AD.ADELAIDE.EDU.AU,0,0
DR8N47H4.AD.ADELAIDE.EDU.AU,0,0
DR8C4KM1.AD.ADELAIDE.EDU.AU,0,0
DR8K46YD.AD.ADELAIDE.EDU.AU,0,0
D14412873.AD.ADELAIDE.EDU.AU,0,0
LCNU0511LKB.AD.ADELAIDE.EDU.AU,0,0
LL3AHF8Y.AD.ADELAIDE.EDU.AU,0,0
L11203520.AD.ADELAIDE.EDU.AU,0,0
D13600375.AD.ADELAIDE.EDU.AU,0,0
DR8W2DEY.AD.ADELAIDE.EDU.AU,0,0
DR8F9DEL.AD.ADELAIDE.EDU.AU,0,0
DR88LY4F.AD.ADELAIDE.EDU.AU,0,0
LR9DWARN.AD.ADELAIDE.EDU.AU,0,0
D04602470.AD.ADELAIDE.EDU.AU,0,0
LR9DWARC.AD.ADELAIDE.EDU.AU,0,0
LL3MPZ86.AD.ADELAIDE.EDU.AU,0,0
LR9F528X.AD.ADELAIDE.EDU.AU,0,0
D00903878.AD.ADELAIDE.EDU.AU,0,0
DR8P203P.AD.ADELAIDE.EDU.AU,0,0
LL3H4982.AD.ADELAIDE.EDU.AU,0,0
SUTENGKOK-VM.AD.ADELAIDE.EDU.AU,0,0
DL3AAK8B.AD.ADELAIDE.EDU.AU,0,0
D20906136.AD.ADELAIDE.EDU.AU,0,0
D21501970.AD.ADELAIDE.EDU.AU,0,0
DR854VY3.AD.ADELAIDE.EDU.AU,0,0
D10400480.AD.ADELAIDE.EDU.AU,0,0
LP10PE64.AD.ADELAIDE.EDU.AU,0,0
L10903266.AD.ADELAIDE.EDU.AU,0,0
LLRXNYXG.AD.ADELAIDE.EDU.AU,0,0
D13800243.AD.ADELAIDE.EDU.AU,0,0
D10201110.AD.ADELAIDE.EDU.AU,0,0
D21800724.AD.ADELAIDE.EDU.AU,0,0
SKYPRO1.AD.ADELAIDE.EDU.AU,0,0
D22100291.AD.ADELAIDE.EDU.AU,0,0
DR8H0FHA.AD.ADELAIDE.EDU.AU,0,0
D22002809.AD.ADELAIDE.EDU.AU,0,0
D21401487.AD.ADELAIDE.EDU.AU,0,0
LR9KY26V.AD.ADELAIDE.EDU.AU,0,0
L04805219.AD.ADELAIDE.EDU.AU,0,0
D21903091.AD.ADELAIDE.EDU.AU,0,0
D10202878.AD.ADELAIDE.EDU.AU,0,0
DR8N4BG2.AD.ADELAIDE.EDU.AU,0,0
DR8RN4M1.AD.ADELAIDE.EDU.AU,0,0
LLRLWVCH.AD.ADELAIDE.EDU.AU,0,0
D14708307.AD.ADELAIDE.EDU.AU,0,0
DR8N47H5.AD.ADELAIDE.EDU.AU,0,0
LL3AHM7M.AD.ADELAIDE.EDU.AU,0,0
D04200925.AD.ADELAIDE.EDU.AU,0,0
DR8REY2C.AD.ADELAIDE.EDU.AU,0,0
D20205496.AD.ADELAIDE.EDU.AU,0,0
D14804947.AD.ADELAIDE.EDU.AU,0,0
DR8X7Y9F.AD.ADELAIDE.EDU.AU,0,0
D15101972.AD.ADELAIDE.EDU.AU,0,0
DPBPBBV4.AD.ADELAIDE.EDU.AU,0,0
DL3A3995.AD.ADELAIDE.EDU.AU,0,0
D03800461.AD.ADELAIDE.EDU.AU,0,0
DS1DVA82.AD.ADELAIDE.EDU.AU,0,0
LR9MT264.AD.ADELAIDE.EDU.AU,0,0
D21502015.AD.ADELAIDE.EDU.AU,0,0
L206A8A566156.AD.ADELAIDE.EDU.AU,0,0
DR8V4V47.AD.ADELAIDE.EDU.AU,0,0
LR9M3366.AD.ADELAIDE.EDU.AU,0,0
DPBBMH03.AD.ADELAIDE.EDU.AU,0,0
D14804952.AD.ADELAIDE.EDU.AU,0,0
DPBBMH05.AD.ADELAIDE.EDU.AU,0,0
D20504320.AD.ADELAIDE.EDU.AU,0,0
D22004470.AD.ADELAIDE.EDU.AU,0,0
D14101258.AD.ADELAIDE.EDU.AU,0,0
DR8TG74R.AD.ADELAIDE.EDU.AU,0,0
LP154732.AD.ADELAIDE.EDU.AU,0,0
DR8W3WRF.AD.ADELAIDE.EDU.AU,0,0
D10601117.AD.ADELAIDE.EDU.AU,0,0
LR8GGDV5.AD.ADELAIDE.EDU.AU,0,0
D20601428.AD.ADELAIDE.EDU.AU,0,0
LP10K3V8.AD.ADELAIDE.EDU.AU,0,0
D95004057.AD.ADELAIDE.EDU.AU,0,0
D10702353.AD.ADELAIDE.EDU.AU,0,0
D20504322.AD.ADELAIDE.EDU.AU,0,0
DL3AAA7P.AD.ADELAIDE.EDU.AU,0,0
D02201132.AD.ADELAIDE.EDU.AU,0,0
DR854VY2.AD.ADELAIDE.EDU.AU,0,0
L14702275.AD.ADELAIDE.EDU.AU,0,0
D21903092.AD.ADELAIDE.EDU.AU,0,0
D02201118.AD.ADELAIDE.EDU.AU,0,0
DPBBMB96.AD.ADELAIDE.EDU.AU,0,0
D13700856.AD.ADELAIDE.EDU.AU,0,0
D21100141.AD.ADELAIDE.EDU.AU,0,0
SKYPRO2.AD.ADELAIDE.EDU.AU,0,0
DR88WYLH.AD.ADELAIDE.EDU.AU,0,0
DR89PRFC.AD.ADELAIDE.EDU.AU,0,0
D22300507.AD.ADELAIDE.EDU.AU,0,0
LR97P02L.AD.ADELAIDE.EDU.AU,0,0
D21903097.AD.ADELAIDE.EDU.AU,0,0
L93100315.AD.ADELAIDE.EDU.AU,0,0
DR85ZAKV.AD.ADELAIDE.EDU.AU,0,0
LR9KY26E.AD.ADELAIDE.EDU.AU,0,0
D15101981.AD.ADELAIDE.EDU.AU,0,0
SKYPRO3.AD.ADELAIDE.EDU.AU,0,0
L10400484.AD.ADELAIDE.EDU.AU,0,0
LPBVBTHM.AD.ADELAIDE.EDU.AU,0,0
D14522175.AD.ADELAIDE.EDU.AU,0,0
L10400163.AD.ADELAIDE.EDU.AU,0,0
LR9MT25E.AD.ADELAIDE.EDU.AU,0,0
DL3C9459.AD.ADELAIDE.EDU.AU,0,0
VSTAFF01-001.AD.ADELAIDE.EDU.AU,0,0
D14804946.AD.ADELAIDE.EDU.AU,0,0
LPBMHXFH.AD.ADELAIDE.EDU.AU,0,0
VSTAFF01-007.AD.ADELAIDE.EDU.AU,0,0
LPBMHXFR.AD.ADELAIDE.EDU.AU,0,0
L20902024.AD.ADELAIDE.EDU.AU,0,0
DC89CDC50D37D.AD.ADELAIDE.EDU.AU,0,0
DR8B0RMP.AD.ADELAIDE.EDU.AU,0,0
ENVBIO079.AD.ADELAIDE.EDU.AU,0,0
L24500682.AD.ADELAIDE.EDU.AU,0,0
L24500683.AD.ADELAIDE.EDU.AU,0,0
DR8C96FW.AD.ADELAIDE.EDU.AU,0,0
LPBMHXFK.AD.ADELAIDE.EDU.AU,0,0
D22600032.AD.ADELAIDE.EDU.AU,0,0
LR9WR62P.AD.ADELAIDE.EDU.AU,0,0
LR9XFHWX.AD.ADELAIDE.EDU.AU,0,0
LR9WW055.AD.ADELAIDE.EDU.AU,0,0
DPBXEGE0.AD.ADELAIDE.EDU.AU,0,0
LR9T7HVN.AD.ADELAIDE.EDU.AU,0,0
LR9W0CBZ.AD.ADELAIDE.EDU.AU,0,0
LR9MT260.AD.ADELAIDE.EDU.AU,0,0
DPB1TY0N.AD.ADELAIDE.EDU.AU,0,0
DPB2WR6Y.AD.ADELAIDE.EDU.AU,0,0
DPBKVVRN.AD.ADELAIDE.EDU.AU,0,0
DPB7B95F.AD.ADELAIDE.EDU.AU,0,0
DPB00CT8.AD.ADELAIDE.EDU.AU,0,0
D20205565.AD.ADELAIDE.EDU.AU,0,0
DPBXB992.AD.ADELAIDE.EDU.AU,0,0
LPB9L3B4.AD.ADELAIDE.EDU.AU,0,0
LP15BT4W.AD.ADELAIDE.EDU.AU,0,0
DPBREPEH.AD.ADELAIDE.EDU.AU,0,0
DR8A8GN7.AD.ADELAIDE.EDU.AU,0,0
DR88LY4B.AD.ADELAIDE.EDU.AU,0,0
DPB747MP.AD.ADELAIDE.EDU.AU,0,0
DPB7B82D.AD.ADELAIDE.EDU.AU,0,0
DPB4R7PF.AD.ADELAIDE.EDU.AU,0,0
DPBXEGF0.AD.ADELAIDE.EDU.AU,0,0
LR9W0CC0.AD.ADELAIDE.EDU.AU,0,0
DPB79HD7.AD.ADELAIDE.EDU.AU,0,0
DPBPZRDH.AD.ADELAIDE.EDU.AU,0,0
LR9VY92X.AD.ADELAIDE.EDU.AU,0,0
D22100289.AD.ADELAIDE.EDU.AU,0,0
DPBREPEF.AD.ADELAIDE.EDU.AU,0,0
DPB798KX.AD.ADELAIDE.EDU.AU,0,0
D21903105.AD.ADELAIDE.EDU.AU,0,0
D01301498.AD.ADELAIDE.EDU.AU,0,0
LR9WW02R.AD.ADELAIDE.EDU.AU,0,0
DPB0L6N0.AD.ADELAIDE.EDU.AU,0,0
LPBXMGAB.AD.ADELAIDE.EDU.AU,0,0
DL3E8150.AD.ADELAIDE.EDU.AU,0,0
LR9PLNTL.AD.ADELAIDE.EDU.AU,0,0
DPB82CWG.AD.ADELAIDE.EDU.AU,0,0
DPB8C8E8.AD.ADELAIDE.EDU.AU,0,0
LPB6T38V.AD.ADELAIDE.EDU.AU,0,0
DPB25ZCA.AD.ADELAIDE.EDU.AU,0,0
DPBPZRDL.AD.ADELAIDE.EDU.AU,0,0
LPBXMNHN.AD.ADELAIDE.EDU.AU,0,0
D22100292.AD.ADELAIDE.EDU.AU,0,0
DPBVKBZW.AD.ADELAIDE.EDU.AU,0,0
DPB7F9WK.AD.ADELAIDE.EDU.AU,0,0
DPB7B94T.AD.ADELAIDE.EDU.AU,0,0
LPB61YEM.AD.ADELAIDE.EDU.AU,0,0
EXICP.AD.ADELAIDE.EDU.AU,0,0
DS603L43.AD.ADELAIDE.EDU.AU,0,0
DPBBMB99.AD.ADELAIDE.EDU.AU,0,0
DPB60DGR.AD.ADELAIDE.EDU.AU,0,0
DR8DRY4Z.AD.ADELAIDE.EDU.AU,0,0
DR8DPM9C.AD.ADELAIDE.EDU.AU,0,0
D21903104.AD.ADELAIDE.EDU.AU,0,0
DL3G2307.AD.ADELAIDE.EDU.AU,0,0
DR8NWTNM.AD.ADELAIDE.EDU.AU,0,0
LP10PE5X.AD.ADELAIDE.EDU.AU,0,0
L03602011.AD.ADELAIDE.EDU.AU,0,0
D20205495.AD.ADELAIDE.EDU.AU,0,0
DPBZAPVX.AD.ADELAIDE.EDU.AU,0,0
DPBHHZ74.AD.ADELAIDE.EDU.AU,0,0
DPBXBFKL.AD.ADELAIDE.EDU.AU,0,0
DPB25GFM.AD.ADELAIDE.EDU.AU,0,0
LPB189NN.AD.ADELAIDE.EDU.AU,0,0
DPBYPPD2.AD.ADELAIDE.EDU.AU,0,0
DPB2462T.AD.ADELAIDE.EDU.AU,0,0
LR9V5382.AD.ADELAIDE.EDU.AU,0,0
D20902061.AD.ADELAIDE.EDU.AU,0,0
DPB6KE8Y.AD.ADELAIDE.EDU.AU,0,0
DPB25GFE.AD.ADELAIDE.EDU.AU,0,0
LPB83GYM.AD.ADELAIDE.EDU.AU,0,0
D14101253.AD.ADELAIDE.EDU.AU,0,0
L12503602.AD.ADELAIDE.EDU.AU,0,0
D20601446.AD.ADELAIDE.EDU.AU,0,0
L10BF489B1610.AD.ADELAIDE.EDU.AU,0,0
D21802138.AD.ADELAIDE.EDU.AU,0,0
D20504307.AD.ADELAIDE.EDU.AU,0,0
DPB7B94N.AD.ADELAIDE.EDU.AU,0,0
D24000312.AD.ADELAIDE.EDU.AU,0,0
DPBWMKZC.AD.ADELAIDE.EDU.AU,0,0
D21903101.AD.ADELAIDE.EDU.AU,0,0
DPBG1403.AD.ADELAIDE.EDU.AU,0,0
L10207850.AD.ADELAIDE.EDU.AU,0,0
LP14YK7K.AD.ADELAIDE.EDU.AU,0,0
DR88GDYB.AD.ADELAIDE.EDU.AU,0,0
DR8VTHX0.AD.ADELAIDE.EDU.AU,0,0
D94000927.AD.ADELAIDE.EDU.AU,0,0
DPBRNLTK.AD.ADELAIDE.EDU.AU,0,0
L11000625.AD.ADELAIDE.EDU.AU,0,0
DR8N47G7.AD.ADELAIDE.EDU.AU,0,0
D13202073.AD.ADELAIDE.EDU.AU,0,0
D20705365.AD.ADELAIDE.EDU.AU,0,0
DPBKXNAX.AD.ADELAIDE.EDU.AU,0,0
LP10K3VA.AD.ADELAIDE.EDU.AU,0,0
D21903094.AD.ADELAIDE.EDU.AU,0,0
D00703935.AD.ADELAIDE.EDU.AU,0,0
DPB91PEG.AD.ADELAIDE.EDU.AU,0,0
DPBG1400.AD.ADELAIDE.EDU.AU,0,0
DPB98RFZ.AD.ADELAIDE.EDU.AU,0,0
LPB16M9E.AD.ADELAIDE.EDU.AU,0,0
LPB26VRN.AD.ADELAIDE.EDU.AU,0,0
L25100947.AD.ADELAIDE.EDU.AU,0,0
DR8N48E1.AD.ADELAIDE.EDU.AU,0,0
D23901782.AD.ADELAIDE.EDU.AU,0,0
L6C085397H.AD.ADELAIDE.EDU.AU,0,0
D23600059.AD.ADELAIDE.EDU.AU,0,0
D23600044.AD.ADELAIDE.EDU.AU,0,0
DPB798KW.AD.ADELAIDE.EDU.AU,0,0
D24401490.AD.ADELAIDE.EDU.AU,0,0
DPBXEGE2.AD.ADELAIDE.EDU.AU,0,0
DL3AAF3C.AD.ADELAIDE.EDU.AU,0,0
DPB79BVW.AD.ADELAIDE.EDU.AU,0,0
D14509547.AD.ADELAIDE.EDU.AU,0,0
DPBVKBYP.AD.ADELAIDE.EDU.AU,0,0
DPB9300Y.AD.ADELAIDE.EDU.AU,0,0
DPB6L31B.AD.ADELAIDE.EDU.AU,0,0
LR9W0CC1.AD.ADELAIDE.EDU.AU,0,0
DPBYAHDM.AD.ADELAIDE.EDU.AU,0,0
DR8VRY9C.AD.ADELAIDE.EDU.AU,0,0
DPBXBFKW.AD.ADELAIDE.EDU.AU,0,0
LR9MT266.AD.ADELAIDE.EDU.AU,0,0
DPB467VN.AD.ADELAIDE.EDU.AU,0,0
DPBYWXXF.AD.ADELAIDE.EDU.AU,0,0
DPBKXMZZ.AD.ADELAIDE.EDU.AU,0,0
L24500684.AD.ADELAIDE.EDU.AU,0,0
LPB83PVH.AD.ADELAIDE.EDU.AU,0,0
DPB0LB29.AD.ADELAIDE.EDU.AU,0,0
D23700621.AD.ADELAIDE.EDU.AU,0,0
LR9XDC5W.AD.ADELAIDE.EDU.AU,0,0
LPB82VDP.AD.ADELAIDE.EDU.AU,0,0
DPB82CWH.AD.ADELAIDE.EDU.AU,0,0
D20504242.AD.ADELAIDE.EDU.AU,0,0
DPB467MK.AD.ADELAIDE.EDU.AU,0,0
LPB717DP.AD.ADELAIDE.EDU.AU,0,0
D22202006.AD.ADELAIDE.EDU.AU,0,0
DPB88A84.AD.ADELAIDE.EDU.AU,0,0
D31601001.AD.ADELAIDE.EDU.AU,0,0
DPB00VP4.AD.ADELAIDE.EDU.AU,0,0
LPBWDCRP.AD.ADELAIDE.EDU.AU,0,0
DPB798KZ.AD.ADELAIDE.EDU.AU,0,0
D21903109.AD.ADELAIDE.EDU.AU,0,0
DPB0L6M9.AD.ADELAIDE.EDU.AU,0,0
DPBYAETE.AD.ADELAIDE.EDU.AU,0,0
DPBREPED.AD.ADELAIDE.EDU.AU,0,0
DPBHHZ76.AD.ADELAIDE.EDU.AU,0,0
LPB191YF.AD.ADELAIDE.EDU.AU,0,0
D21201441.AD.ADELAIDE.EDU.AU,0,0
LR94P71H.AD.ADELAIDE.EDU.AU,0,0
LL3D1751.AD.ADELAIDE.EDU.AU,0,0
DPBKXNBB.AD.ADELAIDE.EDU.AU,0,0
D22605123.AD.ADELAIDE.EDU.AU,0,0
DR8RN4L3.AD.ADELAIDE.EDU.AU,0,0
DPB7F9WG.AD.ADELAIDE.EDU.AU,0,0
LP156PLT.AD.ADELAIDE.EDU.AU,0,0
DPBNRAKG.AD.ADELAIDE.EDU.AU,0,0
DPBNRAKK.AD.ADELAIDE.EDU.AU,0,0
DPBXPLA5.AD.ADELAIDE.EDU.AU,0,0
D01803810.AD.ADELAIDE.EDU.AU,0,0
DPB04DW2.AD.ADELAIDE.EDU.AU,0,0
LR9W5D9X.AD.ADELAIDE.EDU.AU,0,0
LR9PHF4D.AD.ADELAIDE.EDU.AU,0,0
DPB82CWV.AD.ADELAIDE.EDU.AU,0,0
DPB2WC1F.AD.ADELAIDE.EDU.AU,0,0
DR88LY4E.AD.ADELAIDE.EDU.AU,0,0
D14803209.AD.ADELAIDE.EDU.AU,0,0
DPBLNFFK.AD.ADELAIDE.EDU.AU,0,0
D11101029.AD.ADELAIDE.EDU.AU,0,0
LP10PE5W.AD.ADELAIDE.EDU.AU,0,0
D22605124.AD.ADELAIDE.EDU.AU,0,0
DPB1TY0H.AD.ADELAIDE.EDU.AU,0,0
DPB5HP97.AD.ADELAIDE.EDU.AU,0,0
LL3P2731.AD.ADELAIDE.EDU.AU,0,0
D20601443.AD.ADELAIDE.EDU.AU,0,0
D22600031.AD.ADELAIDE.EDU.AU,0,0
DPB798LA.AD.ADELAIDE.EDU.AU,0,0
D00701919.AD.ADELAIDE.EDU.AU,0,0
DR8ER11V.AD.ADELAIDE.EDU.AU,0,0
LPB8Z6H9.AD.ADELAIDE.EDU.AU,0,0
L24500686.AD.ADELAIDE.EDU.AU,0,0
D01104148.AD.ADELAIDE.EDU.AU,0,0
DR8DRY5D.AD.ADELAIDE.EDU.AU,0,0
D14804951.AD.ADELAIDE.EDU.AU,0,0
D6CF049E00DEC.AD.ADELAIDE.EDU.AU,0,0
D21803944.AD.ADELAIDE.EDU.AU,0,0
LR9EMNPC.AD.ADELAIDE.EDU.AU,0,0
DR8P3VYK.AD.ADELAIDE.EDU.AU,0,0
LP10K3V6.AD.ADELAIDE.EDU.AU,0,0
LP14YK7M.AD.ADELAIDE.EDU.AU,0,0
D20205482.AD.ADELAIDE.EDU.AU,0,0
DPBXBFKX.AD.ADELAIDE.EDU.AU,0,0
DPB798LG.AD.ADELAIDE.EDU.AU,0,0
D22000085.AD.ADELAIDE.EDU.AU,0,0
D22300509.AD.ADELAIDE.EDU.AU,0,0
DR8N47G2.AD.ADELAIDE.EDU.AU,0,0
DR8C4FR7.AD.ADELAIDE.EDU.AU,0,0
DR8DPM9B.AD.ADELAIDE.EDU.AU,0,0
D10600204.AD.ADELAIDE.EDU.AU,0,0
DR8RZL4T.AD.ADELAIDE.EDU.AU,0,0
DR8N3YVD.AD.ADELAIDE.EDU.AU,0,0
DR8DRY4P.AD.ADELAIDE.EDU.AU,0,0
D1C6F65C2ABD8.AD.ADELAIDE.EDU.AU,0,0
D04200909.AD.ADELAIDE.EDU.AU,0,0
DR8N47G6.AD.ADELAIDE.EDU.AU,0,0
DPB1CEM9.AD.ADELAIDE.EDU.AU,0,0
DPBKXNAL.AD.ADELAIDE.EDU.AU,0,0
DPB8LL3W.AD.ADELAIDE.EDU.AU,0,0
LR9XFHWY.AD.ADELAIDE.EDU.AU,0,0
DPBZWEMZ.AD.ADELAIDE.EDU.AU,0,0
LPB23AA9.AD.ADELAIDE.EDU.AU,0,0
LPBXMKYM.AD.ADELAIDE.EDU.AU,0,0
D20205579.AD.ADELAIDE.EDU.AU,0,0
DPBKZY68.AD.ADELAIDE.EDU.AU,0,0
DPB7B94M.AD.ADELAIDE.EDU.AU,0,0
DPB2WD1A.AD.ADELAIDE.EDU.AU,0,0
FESEM.AD.ADELAIDE.EDU.AU,0,0
DPB25GFN.AD.ADELAIDE.EDU.AU,0,0
LPBXMNHR.AD.ADELAIDE.EDU.AU,0,0
LPB83PVK.AD.ADELAIDE.EDU.AU,0,0
DPB91R1X.AD.ADELAIDE.EDU.AU,0,0
LPB969CH.AD.ADELAIDE.EDU.AU,0,0
D23800349.AD.ADELAIDE.EDU.AU,0,0
MOLBIO088.AD.ADELAIDE.EDU.AU,0,0
DPB9PX8P.AD.ADELAIDE.EDU.AU,0,0
LR9YGHAF.AD.ADELAIDE.EDU.AU,0,0
DPBXBFKT.AD.ADELAIDE.EDU.AU,0,0
D30900887.AD.ADELAIDE.EDU.AU,0,0
DPB7B95B.AD.ADELAIDE.EDU.AU,0,0
DPBVTGCZ.AD.ADELAIDE.EDU.AU,0,0
LR9X27B5.AD.ADELAIDE.EDU.AU,0,0
DPB91PEH.AD.ADELAIDE.EDU.AU,0,0
D23600057.AD.ADELAIDE.EDU.AU,0,0
D04100289.AD.ADELAIDE.EDU.AU,0,0
LR9WHFTE.AD.ADELAIDE.EDU.AU,0,0
DPB798LF.AD.ADELAIDE.EDU.AU,0,0
DPBRYXEH.AD.ADELAIDE.EDU.AU,0,0
D23600071.AD.ADELAIDE.EDU.AU,0,0
LPB1V0DN.AD.ADELAIDE.EDU.AU,0,0
D30300082.AD.ADELAIDE.EDU.AU,0,0
DPB7F9WN.AD.ADELAIDE.EDU.AU,0,0
D21903093.AD.ADELAIDE.EDU.AU,0,0
DPB6745K.AD.ADELAIDE.EDU.AU,0,0
DPBVTCHR.AD.ADELAIDE.EDU.AU,0,0
DPB00VP3.AD.ADELAIDE.EDU.AU,0,0
LPB189NT.AD.ADELAIDE.EDU.AU,0,0
DPB7E55C.AD.ADELAIDE.EDU.AU,0,0
L24500220.AD.ADELAIDE.EDU.AU,0,0
DPB88G14.AD.ADELAIDE.EDU.AU,0,0
DPB1TY0P.AD.ADELAIDE.EDU.AU,0,0
DR8P204A.AD.ADELAIDE.EDU.AU,0,0
LR9WKVA4.AD.ADELAIDE.EDU.AU,0,0
L20802965.AD.ADELAIDE.EDU.AU,0,0
DPBNRAKL.AD.ADELAIDE.EDU.AU,0,0
LR9XACNT.AD.ADELAIDE.EDU.AU,0,0
DPBRRDFD.AD.ADELAIDE.EDU.AU,0,0
DPB2YF3F.AD.ADELAIDE.EDU.AU,0,0
D24000298.AD.ADELAIDE.EDU.AU,0,0
DPBVKCHV.AD.ADELAIDE.EDU.AU,0,0
LR9MT25F.AD.ADELAIDE.EDU.AU,0,0
DPBRRDFC.AD.ADELAIDE.EDU.AU,0,0
DPB1CEN1.AD.ADELAIDE.EDU.AU,0,0
D24000303.AD.ADELAIDE.EDU.AU,0,0
DPB798MD.AD.ADELAIDE.EDU.AU,0,0
EQPRT01-DEV.AD.ADELAIDE.EDU.AU,0,0
DPB4ZGY3.AD.ADELAIDE.EDU.AU,0,0
DPB6HKP3.AD.ADELAIDE.EDU.AU,0,0
DPB6HKP2.AD.ADELAIDE.EDU.AU,0,0
NI-PXIE-8135-1.AD.ADELAIDE.EDU.AU,0,0
LR9YBR37.AD.ADELAIDE.EDU.AU,0,0
DPB5HP98.AD.ADELAIDE.EDU.AU,0,0
CBSPSWPRD2.AD.ADELAIDE.EDU.AU,0,0
D20902153.AD.ADELAIDE.EDU.AU,0,0
FINPSWPRD4.AD.ADELAIDE.EDU.AU,0,0
D23600052.AD.ADELAIDE.EDU.AU,0,0
L30805152.AD.ADELAIDE.EDU.AU,0,0
DPB6HKY1.AD.ADELAIDE.EDU.AU,0,0
PROXYUAT1-HTTP.AD.ADELAIDE.EDU.AU,0,0
DPB6HN9V.AD.ADELAIDE.EDU.AU,0,0
DPB3RB6L.AD.ADELAIDE.EDU.AU,0,0
DPB5ZZP9.AD.ADELAIDE.EDU.AU,0,0
CHRI-PAYROLL.AD.ADELAIDE.EDU.AU,0,0
DPB2CMT1.AD.ADELAIDE.EDU.AU,0,0
DPB2CMT0.AD.ADELAIDE.EDU.AU,0,0
L14606107.AD.ADELAIDE.EDU.AU,0,0
DPB1CEN0.AD.ADELAIDE.EDU.AU,0,0
DR8M9FZ7.AD.ADELAIDE.EDU.AU,0,0
DPB2AGX8.AD.ADELAIDE.EDU.AU,0,0
DPB7B95E.AD.ADELAIDE.EDU.AU,0,0
LR9YBR34.AD.ADELAIDE.EDU.AU,0,0
LPB3DNH6.AD.ADELAIDE.EDU.AU,0,0
DPB8FPB9.AD.ADELAIDE.EDU.AU,0,0
D30900889.AD.ADELAIDE.EDU.AU,0,0
L32000493.AD.ADELAIDE.EDU.AU,0,0
DPB00CV1.AD.ADELAIDE.EDU.AU,0,0
DPB7YW7F.AD.ADELAIDE.EDU.AU,0,0
DPB9TNN2.AD.ADELAIDE.EDU.AU,0,0
DPB8FPC0.AD.ADELAIDE.EDU.AU,0,0
DPB6HKX9.AD.ADELAIDE.EDU.AU,0,0
DPB1LKYN.AD.ADELAIDE.EDU.AU,0,0
DPB1EYPW.AD.ADELAIDE.EDU.AU,0,0
DPBTVWNA.AD.ADELAIDE.EDU.AU,0,0
CINQUE.AD.ADELAIDE.EDU.AU,0,0
DPB1LKYT.AD.ADELAIDE.EDU.AU,0,0
DPB6L31H.AD.ADELAIDE.EDU.AU,0,0
DPB467PA.AD.ADELAIDE.EDU.AU,0,0
WSTESTWAPPV.AD.ADELAIDE.EDU.AU,0,0
DR8PNCKC.AD.ADELAIDE.EDU.AU,0,0
BASHFUL.AD.ADELAIDE.EDU.AU,0,0
DOPEY.AD.ADELAIDE.EDU.AU,0,0
DCNW3040D6D.AD.ADELAIDE.EDU.AU,0,0
DPB1LKYR.AD.ADELAIDE.EDU.AU,0,0
DPB5ZZR3.AD.ADELAIDE.EDU.AU,0,0
NETAPPAV08.AD.ADELAIDE.EDU.AU,0,0
TMS01.AD.ADELAIDE.EDU.AU,0,0
WINDEVPRINT1.AD.ADELAIDE.EDU.AU,0,0
SLEEPY.AD.ADELAIDE.EDU.AU,0,0
DPB6HKY0.AD.ADELAIDE.EDU.AU,0,0
BUDGIE.AD.ADELAIDE.EDU.AU,0,0
DPB1CGAR.AD.ADELAIDE.EDU.AU,0,0
DPB7YY5M.AD.ADELAIDE.EDU.AU,0,0
LR9YFREC.AD.ADELAIDE.EDU.AU,0,0
LPB4NML1.AD.ADELAIDE.EDU.AU,0,0
DPB7X45B.AD.ADELAIDE.EDU.AU,0,0
DPB1ZNAW.AD.ADELAIDE.EDU.AU,0,0
LR9YVBCA.AD.ADELAIDE.EDU.AU,0,0
DOC.AD.ADELAIDE.EDU.AU,0,0
LPB1GYRE.AD.ADELAIDE.EDU.AU,0,0
LCNU315BJH2.AD.ADELAIDE.EDU.AU,0,0
L206A8A684581.AD.ADELAIDE.EDU.AU,0,0
TEST-PC.AD.ADELAIDE.EDU.AU,0,0
LCNU3179WHQ.AD.ADELAIDE.EDU.AU,0,0
LPB1GYRF.AD.ADELAIDE.EDU.AU,0,0
DPB1ZYEB.AD.ADELAIDE.EDU.AU,0,0
ADELAIDE-ECD7CE.AD.ADELAIDE.EDU.AU,0,0
TEST-VISTA-PC.AD.ADELAIDE.EDU.AU,0,0
HAMMERHEAD.AD.ADELAIDE.EDU.AU,0,0
PROXYTEST.AD.ADELAIDE.EDU.AU,0,0
LJDJP91HD400069.AD.ADELAIDE.EDU.AU,0,0
DPB98RGA.AD.ADELAIDE.EDU.AU,0,0
DPB0K1C3.AD.ADELAIDE.EDU.AU,0,0
DPB82CWP.AD.ADELAIDE.EDU.AU,0,0
D21903098.AD.ADELAIDE.EDU.AU,0,0
LPB1GYRC.AD.ADELAIDE.EDU.AU,0,0
DPB3AH88.AD.ADELAIDE.EDU.AU,0,0
ADDC501N.AD.ADELAIDE.EDU.AU,0,0
